{"vel_0": 0.0, "crd_0": 10.0, "time_div": 0.01, "time_begin": 0, "time_end": 300, "omega2": 0.97, "gamma": 0.01, "dump": 1, "outfile": "data/data.csv", "meth": "euler", "type": "driven", "force_cnt": 300, "force_amp": [66666.66666666667, 110266.28291912665, 55133.897221384825, 1.3955159505853036e-12, 27568.460206857413, 22055.675184107615, 7.564747869230036e-12, 15755.781539828868, 13787.253876040224, 4.521051355260914e-12, 11031.617851970872, 10029.70604532505, 2.105255688931884e-12, 8488.536379726422, 7883.1851661160035, 9.084777535453961e-13, 6899.6791288795, 6494.795386672114, 2.646278289353418e-13, 5813.045951886346, 5523.37852429031, 1.036749720335377e-12, 5023.182380230123, 4805.772107790134, 7.030596360506073e-12, 4423.2522175800705, 4254.119544528335, 1.561844249014914e-12, 3952.206323152467, 3816.918804525919, 5.160726388559172e-13, 3572.6275854600913, 3461.9812198533477, 9.6996499773216e-13, 3260.3050276815884, 3168.1543301199195, 2.7945232241195575e-12, 2998.87996994843, 2920.965485431563, 2.582220126045207e-12, 2776.901418668612, 2710.1780139683474, 7.644757100654918e-13, 2586.114083637494, 2528.347139250442, 3.4582630319939606e-13, 2420.4163015556314, 2369.9289504241924, 8.849003925718536e-13, 2275.2007632087184, 2230.710143300821, 3.3393610141819625e-12, 2146.923450524016, 2107.431434303377, 4.07780082849091e-13, 2032.813648824137, 1997.5320199823745, 8.46947731355229e-14, 1930.6739553284954, 1898.9719980851605, 2.3066156337521625e-13, 1838.739301588697, 1810.1063438474139, 4.0809814793353015e-13, 1755.5756259118705, 1729.5937852052857, 6.287181626082557e-13, 1680.0057681649087, 1656.3297993214976, 6.722245641773527e-13, 1611.0544202464864, 1589.3965959533732, 5.954455275990823e-14, 1547.9066504605435, 1528.0252670737007, 0.0, 1489.876251109156, 1471.5667846766892, 5.5193071312842525e-14, 1436.3812980704665, 1419.469524121605, 5.774147799182507e-13, 1386.925075391104, 1371.2616619757703, 5.001903264001573e-13, 1341.0810394202629, 1326.537258073371, 3.0047358250316583e-13, 1298.4808585051276, 1284.9451524821409, 1.5700404099409123e-13, 1258.804818504125, 1246.180034845877, 5.3220970067056656e-14, 1221.774065585551, 1209.9752058947977, 2.361518395204106e-13, 1187.14428855018, 1176.0966685177507, 1.778488160345645e-12, 1154.7005383792516, 1144.338271954175, 4.32314094633015e-13, 1124.252953147818, 1114.517696458112, 1.545105625796591e-13, 1095.6332089401337, 1086.4731134833214, 3.1122969385871544e-13, 1068.6915568966792, 1060.0603924279799, 9.537698948200036e-13, 1043.2943364947305, 1035.1507523675114, 9.316081136873907e-13, 1019.3218780997382, 1011.6287782190313, 2.900238019913912e-13, 996.666725512165, 989.390737027631, 1.3734871173861105e-13, 975.2321229751432, 968.3431427159449, 3.6651959660650503e-13, 954.930721856991, 948.4015275569552, 1.4376851604102537e-12, 935.6834706862539, 929.4893864563746, 1.8195658146803182e-13, 917.41865892266, 911.5372663442075, 3.9069252238316066e-14, 900.0710901918707, 894.4819779364792, 1.0975218605291334e-13, 883.5813649952928, 878.2659111116951, 1.9989071024059218e-13, 867.8952563576331, 862.8364383619147, 3.164438677547244e-13, 852.9631646700429, 848.1453933865938, 3.471119383154941e-13, 838.739640261339, 834.1486140232091, 3.1497928988927143e-14, 825.1829640895646, 820.8055404494081, 0.0, 812.2547784732731, 808.0788610228582, 3.0523616692253134e-14, 799.9197610413955, 795.9341993071956, 3.2595980659371474e-13, 788.1453361234503, 784.3398368124692, 2.8794176484497393e-13, 776.9014186686119, 773.2664667944105, 1.76227366588789e-13, 766.1601865056139, 762.6869751382192, 9.373722229518615e-14, 755.895877360994, 752.576244923892, 3.232089632688124e-14, 746.0846075621673, 742.9109817507463, 1.4577471003832434e-13, 736.7042097808124, 733.6695573043023, 1.1151829222703102e-12, 727.7340875349234, 724.8318689921286, 2.751906972895647e-13, 719.1550844756895, 716.379213766808, 9.978968024485007e-14, 710.949366747278, 708.2941745025331, 2.038321419794323e-13, 703.1003169310958, 700.5605175039849, 6.331202202822255e-13, 695.5924382773311, 693.1630999077548, 6.265097193193245e-13, 688.4112680906629, 686.0877858926242, 1.9751236969149828e-13, 681.543299278148, 679.3213707492708, 9.468419452475937e-14, 674.9759091890134, 672.8515119759155, 2.5566984285272e-13, 668.6972949812849, 666.6666666666667, 1.01443173670434e-12, 662.6964148413582, 660.7560345463074, 1.2982557240022615e-13, 656.9629344617715, 655.1095060808282, 2.8179053122654327e-14, 651.4871782513899, 649.7176151588452, 7.999755455995609e-14, 646.2600848122952, 644.5714958965228, 1.4720048918109515e-13, 641.27316627025, 639.6628431688823, 2.353717014118115e-13, 636.5184710916391, 634.983876514453, 2.607127699654005e-13, 631.9885500601958, 630.527307098941, 2.3884174741384837e-14, 627.6764251223834, 626.2863074576406, 0.0, 623.5755608415923, 622.2544837664033, 2.3575356208981322e-14, 619.6798382290372, 618.4258504174588, 2.5401249564484614e-13, 615.9835307436264, 614.7948066999769, 2.2635246659263229e-13, 612.4812822748626, 611.3561154060228, 1.397232260457922e-13, 609.168086942027, 608.1048832011498, 7.494648510448254e-14, 606.0392705600976, 605.0365426153518, 2.6055514376718864e-14, 603.0904736381246, 602.1468355248162, 1.1847106570802687e-13, 600.3176357894432, 599.431798008109, 9.135457971558888e-13, 597.716981445369, 596.8877464722033, 2.272038040847218e-13, 595.2850067749612, 594.5112649543668, 8.302554972937496e-14, 593.0184677233542, 592.2991935154582, 1.7088056673124007e-13, 590.9143690900363, 590.2486176488068, 5.347520806254195e-13, 588.9699545765185, 588.356858636608, 5.330838153375277e-13, 587.1826977401308, 586.62146479287, 1.6928599185387145e-13, 585.5502937973182, 585.0402035383529, 8.173787607200099e-14, 584.0706522258627, 583.6110542588336, 2.2228335360025765e-13, 582.7418901209975, 582.3322019034035, 8.88170868328203e-13, 581.5623262654826, 581.2020312844736, 1.1445823471278846e-13, 580.5304758783938, 580.2191220457396, 2.5014694738939915e-14, 579.6450460117577, 579.3822442686139, 7.149874981621775e-14, 578.9049315682257, 578.6903546916161, 1.3245146115300265e-13, 578.3092119167809, 578.1425935209468, 2.132073696617154e-13, 577.8571480870879, 577.7382818140002, 2.377317790892969e-13, 577.5481805265038, 577.4769194209501, 2.1922516375991452e-14, 577.381927407047, 577.3581834727493],